{
  "shangyi":[
    {
      "pic1":"images/shangyi1.jpg",
      "price1":64,
      "pic2":"images/shangyi2.jpg",
      "price2":91
    },
    {
      "pic1":"images/shangyi3.jpg",
      "price1":69,
      "pic2":"images/shangyi4.jpg",
      "price2":89
    },
    {
      "pic1":"images/shangyi5.jpg",
      "price1":89,
      "pic2":"images/shangyi6.jpg",
      "price2":67
    }

  ],
  "kuzi":[
    {
      "pic1":"images/kuzi1.jpg",
      "price1":64,
      "pic2":"images/kuzi2.jpg",
      "price2":91
    },
    {
      "pic1":"images/kuzi3.jpg",
      "price1":69,
      "pic2":"images/kuzi4.jpg",
      "price2":89
    },
    {
      "pic1":"images/kuzi5.jpg",
      "price1":89,
      "pic2":"images/kuzi6.jpg",
      "price2":67
    }

  ],
  "qunzi":[
    {
      "pic1":"images/qunzi1.jpg",
      "price1":64,
      "pic2":"images/qunzi2.jpg",
      "price2":91
    },
    {
      "pic1":"images/qunzi3.jpg",
      "price1":69,
      "pic2":"images/qunzi4.jpg",
      "price2":89
    },
    {
      "pic1":"images/qunzi5.jpg",
      "price1":89,
      "pic2":"images/qunzi6.jpg",
      "price2":67
    }

  ],
  "xiezi":[
    {
      "pic1":"images/xiezi1.jpg",
      "price1":64,
      "pic2":"images/xiezi2.jpg",
      "price2":91
    },
    {
      "pic1":"images/xiezi3.jpg",
      "price1":69,
      "pic2":"images/xiezi4.jpg",
      "price2":89
    },
    {
      "pic1":"images/xiezi5.jpg",
      "price1":89,
      "pic2":"images/xiezi6.jpg",
      "price2":67
    }

  ],
  "peishi":[
    {
      "pic1":"images/peishi1.jpg",
      "price1":64,
      "pic2":"images/peishi2.jpg",
      "price2":91
    },
    {
      "pic1":"images/peishi3.jpg",
      "price1":69,
      "pic2":"images/peishi4.jpg",
      "price2":89
    }
  ],
  "bao":[
    {
      "pic1":"images/bao1.jpg",
      "price1":74,
      "pic2":"images/bao2.jpg",
      "price2":91
    },
    {
      "pic1":"images/bao3.jpg",
      "price1":79,
      "pic2":"images/bao4.jpg",
      "price2":89
    },
    {
      "pic1":"images/bao5.jpg",
      "price1":99,
      "pic2":"images/bao6.jpg",
      "price2":87
    }

  ],
  "man":[
    {
      "pic1":"images/man1.jpg",
      "price1":74,
      "pic2":"images/man2.jpg",
      "price2":91
    },
    {
      "pic1":"images/man3.jpg",
      "price1":79,
      "pic2":"images/man4.jpg",
      "price2":89
    },
    {
      "pic1":"images/man5.jpg",
      "price1":99,
      "pic2":"images/man6.jpg",
      "price2":87
    }

  ],
  "family":[
    {
      "pic1":"images/fanmily1.jpg",
      "price1":74,
      "pic2":"images/fanmily2.jpg",
      "price2":91
    },
    {
      "pic1":"images/fanmily3.jpg",
      "price1":79,
      "pic2":"images/fanmily4.jpg",
      "price2":89
    },
    {
      "pic1":"images/fanmily5.jpg",
      "price1":99,
      "pic2":"images/fanmily6.jpg",
      "price2":87
    }

  ],
  "tongzhuang":[
    {
      "pic1":"images/tongzhuang1.jpg",
      "price1":74,
      "pic2":"images/tongzhuang2.jpg",
      "price2":91
    },
    {
      "pic1":"images/tongzhuang3.jpg",
      "price1":79,
      "pic2":"images/tongzhuang4.jpg",
      "price2":89
    },
    {
      "pic1":"images/tongzhuang5.jpg",
      "price1":99,
      "pic2":"images/tongzhuang6.jpg",
      "price2":87
    }

  ]
}