[
  {"name":"大模范儿",
    "tuxiang":"images/df_03.gif",
    "pic":"images/df_06.gif",
    "ms":"黑色露肩上衣，秀出性感锁骨和香肩，让您性感妩媚女人味升级，搭配上随性干练的须边牛仔短裤，既帅气又不失女性味道",
    "p":"高！瘦！美！了解超模，最爱超模。",
    "lick":5,
    "comment":7

  },
  {"name":"师太说",
    "tuxiang":"images/st_03.gif",
    "pic":"images/st_06.gif",
    "ms":"友谊的小船说翻就翻，爱情的巨轮说沉就沉；好好的男人说弯就弯！生在这么一个任性的时代，好女应当悦己而容！",
    "p":"发现全球小好众物",
    "lick":7,
    "comment":12
  },
  {"name":"猴有型",
    "tuxiang":"images/hyx_03.gif",
    "pic":"images/hyx_06.gif",
    "ms":"明星权俞丽都健身，还不快快加入健身大军？",
    "p":"运动，养生，塑形，健康有形人",
    "lick":15,
    "comment":6
  },
  {"name":"猴有型",
    "tuxiang":"images/hyx_03.gif",
    "pic":"images/hyx1_06.gif",
    "ms":"水果冰块，就是这样凉快",
    "p":"运动，养生，塑形，健康有形人",
    "lick":22,
    "comment":14
  },
  {"name":"MOGO",
    "tuxiang":"images/mogu1_03.gif",
    "pic":"images/mogu1_06.gif",
    "ms":"让你在轻松愉快的节奏中，不知不觉的提升自己的化妆和穿搭技巧。",
    "p":"全球最火最时尚资讯App",
    "lick":3,
    "comment":6
  },
  {"name":"小海时尚报告",
    "tuxiang":"images/xh_03.gif",
    "pic":"images/xh_06.gif",
    "ms":"一起把逆天的曲线练出来",
    "p":"爱美食爱健身爱时尚爱旅游",
    "lick":16,
    "comment":19
  },
  {"name":"Beauty老师",
    "tuxiang":"images/beauty_03.gif",
    "pic":"images/beauty_06.gif",
    "ms":"甜甜圈美甲，满满的少女心",
    "p":"护肤，美妆",
    "lick":12,
    "comment":18
  },
  {"name":"首尔街头的好品味",
    "tuxiang":"images/shouer_03.gif",
    "pic":"images/shouer_06.gif",
    "ms":"简单的条纹T恤搭一条白色半裙，清纯又可爱，简直太棒",
    "p":"最新日韩时尚搭配一网打尽",
    "lick":22,
    "comment":33
  },
  { "name":"三本_食",
    "tuxiang":"images/shanben1_03.gif",
    "pic":"images/shanben1_06.gif",
    "ms":"萌萌的爱心早餐，新的一天开始了。",
    "p":"带你走，带你吃",
    "lick":24,
    "comment":22
  }
]