{
  "cat":[{
    "logo":"images/pinpai1.gif",
    "pic":"images/pinpai2.gif",
    "pic1":"images/pinpai3.gif",
    "pic2":"images/pinpai4.gif"
  },
    {
      "logo":"images/pinpai21.gif",
      "pic":"images/pinpai22.gif",
      "pic1":"images/pinpai23.gif",
      "pic2":"images/pinpai24.gif"
    }
  ],
  "xia":[
    {
      "pic":"images/xia-1.gif",
      "picSmall":"images/xia-1-1.gif",
      "picSmall2":"images/xia-1-2.gif",
      "picSmall3":"images/xia-1-3.gif",
      "picSmall4":"images/xia-1-4.gif"
    },
    {
      "pic":"images/xia-2.gif",
      "picSmall":"images/xia-2-1.gif",
      "picSmall2":"images/xia-2-2.gif",
      "picSmall3":"images/xia-2-3.gif",
      "picSmall4":"images/xia-2-4.gif"
    },
    {
      "pic":"images/xia-3.gif",
      "picSmall":"images/xia-3-1.gif",
      "picSmall2":"images/xia-3-2.gif",
      "picSmall3":"images/xia-3-3.gif",
      "picSmall4":"images/xia-3-4.gif"
    },
    {
      "pic":"images/xia-4.gif",
      "picSmall":"images/xia-4-1.gif",
      "picSmall2":"images/xia-4-2.gif",
      "picSmall3":"images/xia-4-3.gif",
      "picSmall4":"images/xia-4-4.gif"
    }
  ],
  "sx":[
    {
      "pic1":"images/sx1.gif",
      "price1":1168,
      "pic2":"images/sx2.gif",
      "price2":1119
    },
    {
      "pic1":"images/sx3.gif",
      "price1":249,
      "pic2":"images/sx4.gif",
      "price2":496
    },
    {
      "pic1":"images/sx5.gif",
      "price1":348,
      "pic2":"images/sx6.gif",
      "price2":668
    }
  ],
  "lx":[
    {
      "pic1":"images/lx2.gif",
      "price1":368,
      "pic2":"images/lx3.gif",
      "price2":229
    },
    {
      "pic1":"images/lx4.gif",
      "price1":648,
      "pic2":"images/lx5.gif",
      "price2":369
    },
    {
      "pic1":"images/lx6.gif",
      "price1":226,
      "pic2":"images/lx7.gif",
      "price2":789
    },
    {
      "pic1":"images/lx8.gif",
      "price1":289,
      "pic2":"images/lx9.gif",
      "price2":168
    },
    {
      "pic1":"images/lx10.gif",
      "price1":226,
      "pic2":"images/lx11.gif",
      "price2":399
    }
  ],
  "zdm":[
    {
      "pic":"images/zdm1.gif"
    },
    {
      "pic":"images/zdm2.gif"
    },
    {
      "pic":"images/zdm3.gif"
    },
    {
      "pic":"images/zdm4.gif"
    },
    {
      "pic":"images/zdm5.gif"
    },
    {
      "pic":"images/zdm6.gif"
    }
  ]
}