[
  {"img":"images/yundong4_03.gif",
    "price":433,
    "img1":"images/yundong4_05.gif",
    "price1":315
  },
  {"img":"images/yundong_03.gif",
    "price":99,
    "img1":"images/yundong_05.gif",
    "price1":539
  },
  {"img":"images/yundong2_03.gif",
    "price":568,
    "img1":"images/yundong2_05.gif",
    "price1":1380
  },
  {"img":"images/yundong3_03.gif",
    "price":22.8,
    "img1":"images/yundong3_05.gif",
    "price1":565
  },
  {"img":"images/yundong1_03.gif",
    "price":449,
    "img1":"images/yundong1_05.gif",
    "price1":109
  }
]